"token,lemma,pos,msd,NORM_LSTM,NORM_LSTM,NORM_LSTM,NORM_LSTM,NORM_LSTM",NORM_LSTM
"Monseignevr,monseignevr,VERinf,NOMB.=s,,,,,",
",,"","",PONfbl,MORPH=empty,,,,,",
"Quand,quand,CONsub,MORPH=empty,,,,,",
"ie,je,PROper,NOMB.=s,,,,,",
"ne,ne,ADVneg,MORPH=empty,,,,,",
"ſerois,être,VERcjg,MODE=con|PERS.=2|NOMB.=s,,,,,",
"pas,pas,ADVneg,MORPH=empty,,,,,",
"nay,nay,VERppe,MORPH=empty,,,,,",
"cõme,chme,CONsub,NOMB.=s|GENRE=f,,,,,",
"ie,je,PROper,NOMB.=s|GENRE=f,,,,,",
"ſuis,être,VERcjg,MODE=ind|TEMPS=pst|PERS.=1|NOMB.=s,,,,,",
",,"","",PONfbl,MORPH=empty,,,,,",
"voſtre,vôtre,VERinf,NOMB.=s,,,,,",
"tres,tres,ADVgen,NOMB.=s,,,,,",
"-,-,PONfbl,GENRE=m,,,,,",
"humble,humble,ADJqua,NOMB.=s|GENRE=f,,,,,",
"ſeruiteur,seruiteur,NOMcom,NOMB.=s,,,,,",
",,"","",PONfbl,MORPH=empty,,,,,",
"il,il,PROper,PERS.=3|NOMB.=s|GENRE=m|CAS=n,,,,,",
"faudroit,falloir,VERcjg,MODE=con|PERS.=3|NOMB.=s,,,,,",
"que,que,CONsub,MORPH=empty,,,,,",
"ie,je,ADVgen,NOMB.=s|GENRE=f,,,,,",
"fuſſe,être,ADJqua,NOMB.=s|GENRE=f,,,,,",
"mauuais,mauuer,NOMcom,NOMB.=p,,,,,",
"François,François,VERppe,NOMB.=s,,,,,",
"pour,pour,PRE,MORPH=empty,,,,,",
"ne,ne,ADVneg,MORPH=empty,,,,,",
"me,je,PROper,PERS.=1|NOMB.=s|CAS=r,,,,,",
"reſioüir,resiouir,VERinf,MORPH=empty,,,,,",
"pas,pas,ADVneg,MORPH=empty,,,,,",
"des,un,DETndf,NOMB.=p,,,,,",
"contẽtemens,contatement,NOMcom,NOMB.=p|GENRE=f,,,,,",
"de,de,PRE,MORPH=empty,,,,,",
"voſtre,vôtre,ADJqua,NOMB.=s|GENRE=f,,,,,",
"maiſon,maison,NOMcom,NOMB.=s|GENRE=f,,,,,",
",,"","",PONfbl,MORPH=empty,,,,,",
"puis,puis,VERcjg,MODE=ind|TEMPS=pst|PERS.=1|NOMB.=s,,,,,",
"que,que,CONsub,MORPH=empty,,,,,",
"ce,ce,PROdem,NOMB.=s|GENRE=n,,,,,",
"ſont,être,VERcjg,MODE=ind|TEMPS=pst|PERS.=3|NOMB.=p,,,,,",
"des,un,DETndf,NOMB.=p,,,,,",
"felicités,felicité,NOMcom,NOMB.=p|GENRE=f,,,,,",
"publiques,public,ADJqua,NOMB.=p|GENRE=f,,,,,",
".,.,PONfrt,MORPH=empty,,,,,",
"Nous,nous,PROper,PERS.=1|NOMB.=p,,,,,",
"auõs,auls,VERcjg,PERS.=2|NOMB.=p,,,,,",
"ſçeu,sceuvoir,VERppe,NOMB.=s,,,,,",
"l’,le,DETdef,NOMB.=s,,,,,",
"heureux,heureux,ADJqua,NOMB.=s|GENRE=m,,,,,",
"ſuccés,succer,VERppe,NOMB.=s|GENRE=m,,,,,",
"du,de_le,PRE.DETdef,NOMB.=s|GENRE=m,,,,,",
"voyage,voyage,NOMcom,NOMB.=s|GENRE=m,,,,,",
"que,que,PROrel,MORPH=empty,,,,,",
"vous,vous,PROper,PERS.=2|NOMB.=p,,,,,",
"auez,auez,VERcjg,MODE=ind|TEMPS=pst|PERS.=2|NOMB.=p,,,,,",
"fait,faire,VERppe,NOMB.=s|GENRE=m,,,,,",
"en,en,PRE,MORPH=empty,,,,,",
"Bearn,Bearn,NOMpro,NOMB.=s,,,,,",
",,"","",PONfbl,MORPH=empty,,,,,",
"&,je,PRE,MORPH=empty,,,,,",
"les,le,DETdef,NOMB.=p|GENRE=m,,,,,",
"grands,grand,ADJqua,NOMB.=p|GENRE=m,,,,,",
"commencemens,commencement,NOMcom,NOMB.=p,,,,,",
"que,que,PROrel,MORPH=empty,,,,,",
"vous,vous,PROper,PERS.=2|NOMB.=p,,,,,",
"auez,auez,VERcjg,MODE=ind|TEMPS=pst|PERS.=2|NOMB.=p,,,,,",
"donnez,donner,VERcjg,MODE=ind|PERS.=2|NOMB.=p,,,,,",
"à,à,PRE,MORPH=empty,,,,,",
"tout,tout,DETind,NOMB.=s|GENRE=m,,,,,",
"ce,ce,PROdem,NOMB.=s|GENRE=n,,,,,",
"que,que,PROrel,MORPH=empty,,,,,",
"le,le,DETdef,NOMB.=s|GENRE=m,,,,,",
"Roy,Roy,NOMpro,NOMB.=s|GENRE=m,,,,,",
"voudra,vouloir,VERcjg,MODE=ind|TEMPS=fut|PERS.=3|NOMB.=s,,,,,",
"entreprendre,entreprendre,VERinf,MORPH=empty,,,,,",
":,:,PONfbl,MORPH=empty,,,,,",
"Et,et,CONcoo,MORPH=empty,,,,,",
"certes,certes,ADVgen,MORPH=empty,,,,,",
"le,le,DETdef,NOMB.=s|GENRE=m,,,,,",
"choix,choix,NOMcom,NOMB.=s|GENRE=m,,,,,",
"qu’,que,PROrel,MORPH=empty,,,,,",
"il,il,PROper,PERS.=3|NOMB.=s|GENRE=m|CAS=n,,,,,",
"a,avoir,VERcjg,MODE=ind|TEMPS=pst|PERS.=3|NOMB.=s,,,,,",
"fait,faire,VERppe,NOMB.=s|GENRE=m,,,,,",
"de,de,PRE,MORPH=empty,,,,,",
"vous,vous,PROper,PERS.=2|NOMB.=p,,,,,",
"pour,pour,PRE,MORPH=empty,,,,,",
"le,il,PROper,NOMB.=s|GENRE=m,,,,,",
"ſeruir,seruir,VERinf,NOMB.=s|GENRE=m,,,,,",
"en,en,PRE,MORPH=empty,,,,,",
"vne,vne,DETind,NOMB.=s|GENRE=f,,,,,",
"occaſion,occasion,NOMcom,NOMB.=s|GENRE=f,,,,,",
"de,de,PRE,MORPH=empty,,,,,",
"telle,tel,DETind,NOMB.=s|GENRE=f,,,,,",
"importance,importance,NOMcom,NOMB.=s|GENRE=f,,,,,",
"a,avoir,VERcjg,MODE=ind|TEMPS=pst|PERS.=3|NOMB.=s,,,,,",
"eſté,esté,VERppe,NOMB.=s|GENRE=m,,,,,",
"ſi,si,ADVgen,MORPH=empty,,,,,",
"generalement,generalement,ADVgen,NOMB.=p|GENRE=m,,,,,",
"approuué,approuuer,VERppe,NOMB.=s|GENRE=m,,,,,",
",,"","",PONfbl,MORPH=empty,,,,,",
"que,que,CONsub,MORPH=empty,,,,,",
"ſi,si,CONsub,MORPH=empty,,,,,",
"on,on,PROind,PERS.=3|NOMB.=s|CAS=n,,,,,",
"remarquoit,remarquer,VERcjg,MODE=con|PERS.=3|NOMB.=s,,,,,",
"auparauant,auparauer,VERppa,MORPH=empty,,,,,",
"quelques,quelque,DETrel,NOMB.=p|GENRE=m,,,,,",
"deffaux,deffail,NOMcom,NOMB.=s|GENRE=f,,,,,",
"en,en,PRE,MORPH=empty,,,,,",
"la,le,DETdef,NOMB.=s|GENRE=f,,,,,",
"conduite,conduite,NOMcom,NOMB.=s|GENRE=f,,,,,",
"de,de,PRE,MORPH=empty,,,,,",
"nos,notre,DETpos,PERS.=1|NOMB.=p|GENRE=f,,,,,",
"affaires,affaire,NOMcom,NOMB.=p|GENRE=f,,,,,",
",,"","",PONfbl,MORPH=empty,,,,,",
"il,il,PROimp,PERS.=3|NOMB.=s|GENRE=m|CAS=n,,,,,",
"faut,falloir,VERcjg,MODE=ind|TEMPS=pst|PERS.=3|NOMB.=s,,,,,",
"auoüer,auoüer,VERinf,MORPH=empty,,,,,",
"que,que,CONsub,MORPH=empty,,,,,",
"cette,ce,DETdem,NOMB.=s|GENRE=f,,,,,",
"derniere,dernier,ADJord,NOMB.=s|GENRE=f,,,,,",
"action,action,NOMcom,NOMB.=s|GENRE=f,,,,,",
"a,avoir,VERcjg,MODE=ind|TEMPS=pst|PERS.=3|NOMB.=s,,,,,",
"iuſtifié,iustifier,VERppe,NOMB.=s|GENRE=m,,,,,",
"toutes,tout,DETind,NOMB.=p|GENRE=f,,,,,",
"les,le,DETdef,NOMB.=p|GENRE=m,,,,,",
"autres,autre,PROind,NOMB.=p,,,,,",
",,"","",PONfbl,MORPH=empty,,,,,",
"&,s,PROdem,MORPH=empty,,,,,",
"qu’,que,PROrel,MORPH=empty,,,,,",
"on,on,PROind,PERS.=3|NOMB.=s|CAS=n,,,,,",
"voit,voir,VERcjg,MODE=ind|TEMPS=pst|PERS.=3|NOMB.=s,,,,,",
"bien,bien,ADVgen,MORPH=empty,,,,,",
"que,que,CONsub,MORPH=empty,,,,,",
"ce,ce,PROdem,NOMB.=s|GENRE=n,,,,,",
"n’,ne,ADVneg,MORPH=empty,,,,,",
"eſt,être,VERcjg,MODE=ind|TEMPS=pst|PERS.=3|NOMB.=s,,,,,",
"pas,pas,ADVneg,MORPH=empty,,,,,",
"la,le,DETdef,NOMB.=s|GENRE=f,,,,,",
"ſeule,seul,ADJqua,NOMB.=s|GENRE=f,,,,,",
"faueur,faueur,NOMcom,NOMB.=s,,,,,",
"qui,qui,PROrel,MORPH=empty,,,,,",
"met,mettre,VERcjg,MODE=ind|TEMPS=pst|PERS.=3|NOMB.=s,,,,,",
"de,de,PRE,MORPH=empty,,,,,",
"la,le,DETdef,NOMB.=s|GENRE=f,,,,,",
"difference,difference,NOMcom,NOMB.=s|GENRE=f,,,,,",
"entre,entre,PRE,MORPH=empty,,,,,",
"les,le,DETdef,NOMB.=p|GENRE=m,,,,,",
"hõmes,hhme,NOMcom,NOMB.=p|GENRE=f,,,,,",
".,.,PONfrt,MORPH=empty,,,,,",
"Ie,Ie,PROper,NOMB.=s|GENRE=m,,,,,",
"ne,ne,ADVneg,MORPH=empty,,,,,",
"doute,douter,VERcjg,MODE=ind|PERS.=3|NOMB.=s|GENRE=m,,,,,",
"point,point,ADVneg,MORPH=empty,,,,,",
"que,que,CONsub,MORPH=empty,,,,,",
"le,le,DETdef,NOMB.=s|GENRE=m,,,,,",
"bon,bon,ADJqua,NOMB.=s|GENRE=m,,,,,",
"droit,droit,NOMcom,NOMB.=s|GENRE=m,,,,,",
"&,je,PONfbl,MORPH=empty,,,,,",
"la,le,DETdef,NOMB.=s|GENRE=f,,,,,",
"puiſſance,puissance,NOMcom,NOMB.=s|GENRE=f,,,,,",
"ſe,se,PROper,PERS.=3|NOMB.=s|CAS=r,,,,,",
"rencontrant,rencontrer,VERppa,MODE=con|PERS.=3,,,,,",
"du,de_le,PRE.DETdef,NOMB.=s|GENRE=m,,,,,",
"meſme,même,NOMcom,NOMB.=s|GENRE=m,,,,,",
"coſté,coster,VERppe,NOMB.=s|GENRE=m,,,,,",
",,"","",PONfbl,MORPH=empty,,,,,",
"l’,le,DETdef,NOMB.=s,,,,,",
"euenement,euenement,NOMcom,NOMB.=s,,,,,",
"des,de_le,PRE.DETdef,NOMB.=p,,,,,",
"choſes,chose,NOMcom,NOMB.=p|GENRE=f,,,,,",
"ne,ne,ADVneg,MORPH=empty,,,,,",
"soit,être,VERcjg,MODE=sub|TEMPS=pst|PERS.=3|NOMB.=s,,,,,",
"celuy,celuy,ADJqua,NOMB.=s|GENRE=n,,,,,",
"que,que,CONsub,MORPH=empty,,,,,",
"nous,nous,PROper,PERS.=1|NOMB.=p,,,,,",
"deſirons,désirer,VERcjg,MODE=sub|TEMPS=pst|NOMB.=p,,,,,",
";,;,PONfbl,MORPH=empty,,,,,",
"mais,mais,CONcoo,MORPH=empty,,,,,",
"quoy,quoy,CONsub,MORPH=empty,,,,,",
"qu’,que,PROrel,MORPH=empty,,,,,",
"il,il,PROper,PERS.=3|NOMB.=s|GENRE=m|CAS=n,,,,,",
"arriue,arriuer,VERcjg,MODE=ind|TEMPS=pst|PERS.=3|NOMB.=s,,,,,",
",,"","",PONfbl,MORPH=empty,,,,,",
"vous,vous,PROper,PERS.=2|NOMB.=p,,,,,",
"auez,auez,VERcjg,MODE=ind|PERS.=2|NOMB.=p,,,,,",
"deſia,désier,VERcjg,MORPH=empty,,,,,",
"la,le,DETdef,NOMB.=s|GENRE=f,,,,,",
"gloire,gloire,NOMcom,NOMB.=s|GENRE=f,,,,,",
"d’,de,PRE,MORPH=empty,,,,,",
"auoir,auoir,NOMcom,NOMB.=s,,,,,",
"rendu,rendre,VERppe,NOMB.=s|GENRE=m,,,,,",
"la,le,DETdef,NOMB.=s|GENRE=f,,,,,",
"victoire,victoire,NOMcom,NOMB.=s|GENRE=f,,,,,",
"ayſée,ayser,VERppe,NOMB.=s|GENRE=f,,,,,",
",,"","",PONfbl,MORPH=empty,,,,,",
"&,avoir,DETndf,MORPH=empty,,,,,",
"fait,faire,VERcjg,MODE=ind|PERS.=3|NOMB.=s|GENRE=m,,,,,",
"voir,voir,VERinf,MORPH=empty,,,,,",
"que,que,CONsub,MORPH=empty,,,,,",
"les,le,DETdef,NOMB.=p|GENRE=m,,,,,",
"ennemis,ennemi,NOMcom,NOMB.=p|GENRE=m,,,,,",
"de,de,PRE,MORPH=empty,,,,,",
"l’,le,DETdef,NOMB.=s,,,,,",
"Eſtat,Estat,NOMcom,NOMB.=s|GENRE=m,,,,,",
"n’,ne,ADVneg,MORPH=empty,,,,,",
"ont,avoir,VERcjg,MODE=ind|TEMPS=pst|PERS.=3|NOMB.=p,,,,,",
"pas,pas,ADVneg,MORPH=empty,,,,,",
"eſté,ester,VERppe,NOMB.=s|GENRE=m,,,,,",
"iuſques,iusque,ADVgen,NOMB.=p|GENRE=f,,,,,",
"icy,ici,ADVgen,NOMB.=s|GENRE=f,,,,,",
"ſi,si,ADVgen,MORPH=empty,,,,,",
"conſiderables,considerable,ADJqua,NOMB.=p|GENRE=f,,,,,",
"par,par,PRE,MORPH=empty,,,,,",
"leurs,leur,DETpos,PERS.=3|NOMB.=p|GENRE=m,,,,,",
"propres,propre,ADJqua,NOMB.=p|GENRE=m,,,,,",
"forces,force,NOMcom,NOMB.=p|GENRE=f,,,,,",
",,"","",PONfbl,MORPH=empty,,,,,",
"que,que,CONsub,MORPH=empty,,,,,",
"par,par,PRE,MORPH=empty,,,,,",
"l’,le,DETdef,NOMB.=s,,,,,",
"opinion,opinion,NOMcom,NOMB.=s|GENRE=f,,,,,",
"que,que,PROrel,MORPH=empty,,,,,",
"nous,nous,PROper,PERS.=1|NOMB.=p,,,,,",
"en,en,PROadv,MORPH=empty,,,,,",
"auions,auions,VERcjg,NOMB.=p,,,,,",
"conceuë,conceuer,VERppe,MORPH=empty,,,,,",
"[,le,PONfbl,MORPH=empty,,,,,",
".,.,PONfrt,MORPH=empty,,,,,",
"],s,PONfrt,MORPH=empty,,,,,",
"Maintenãt,maintenir,ADJqua,MODE=imp|NOMB.=s,,,,,",
"Monſeigneur,Monseigneur,NOMcom,NOMB.=s|GENRE=m,,,,,",
",,"","",PONfbl,MORPH=empty,,,,,",
"il,il,PROper,PERS.=3|NOMB.=s|GENRE=m|CAS=n,,,,,",
"eſt,être,VERcjg,MODE=ind|TEMPS=pst|PERS.=3|NOMB.=s,,,,,",
"temps,temps,NOMcom,NOMB.=s|GENRE=m,,,,,",
"Lettres,lettre,NOMcom,NOMB.=p|GENRE=f,,,,,",
"dv,dv,VERppe,MORPH=empty,,,,,",
"sievr,sievr,VERinf,MORPH=empty,,,,,",
"que,que,CONsub,MORPH=empty,,,,,",
"vous,vous,PROper,PERS.=2|NOMB.=p,,,,,",
"recognoiſſiez,recognoisser,VERcjg,MODE=ind|TEMPS=pst|PERS.=2|NOMB.=p,,,,,",
"les,le,DETdef,NOMB.=p|GENRE=m,,,,,",
"auantages,auantage,NOMcom,NOMB.=p|GENRE=m,,,,,",
"que,que,CONsub,MORPH=empty,,,,,",
"Dieu,Dieu,NOMpro,NOMB.=s|GENRE=m,,,,,",
"vous,vous,PROper,PERS.=2|NOMB.=p,,,,,",
"a,avoir,VERcjg,MODE=ind|TEMPS=pst|PERS.=3|NOMB.=s,,,,,",
"donnés,donner,VERppe,NOMB.=p|GENRE=m,,,,,",
"par,par,PRE,MORPH=empty,,,,,",
"deſſus,dessus,PRE,MORPH=empty,,,,,",
"le,le,DETdef,NOMB.=s|GENRE=m,,,,,",
"reſte,reste,NOMcom,NOMB.=s|GENRE=m,,,,,",
"des,de_le,PRE.DETdef,NOMB.=p,,,,,",
"hommes,homme,NOMcom,NOMB.=p|GENRE=m,,,,,",
";,;,PONfbl,MORPH=empty,,,,,",
"Au,à_le,PRE.DETdef,NOMB.=s|GENRE=m,,,,,",
"moins,moins,NOMcom,NOMB.=s|GENRE=m,,,,,",
"vous,vous,PROper,PERS.=2|NOMB.=p,,,,,",
"deuez,deuer,VERcjg,MODE=ind|PERS.=2|NOMB.=p,,,,,",
"vous,vous,PROper,PERS.=2|NOMB.=p,,,,,",
"ſouuenir,souuenir,VERinf,MORPH=empty,,,,,",
",,"","",PONfbl,MORPH=empty,,,,,",
"qu’,que,CONsub,MORPH=empty,,,,,",
"eſtant,estant,VERppa,MORPH=empty,,,,,",
"las,las,ADJqua,GENRE=m,,,,,",
"des,de_le,PRE.DETdef,NOMB.=p,,,,,",
"choſes,chose,NOMcom,NOMB.=p|GENRE=f,,,,,",
"du,de_le,PRE.DETdef,NOMB.=s|GENRE=m,,,,,",
"monde,monde,NOMcom,NOMB.=s|GENRE=m,,,,,",
",,"","",PONfbl,MORPH=empty,,,,,",
"&,s,DETndf,MORPH=empty,,,,,",
"eſloigné,esloigner,VERppe,NOMB.=s|GENRE=m,,,,,",
"de,de,PRE,MORPH=empty,,,,,",
"la,le,DETdef,NOMB.=s|GENRE=f,,,,,",
"Cour,cour,NOMcom,NOMB.=s|GENRE=f,,,,,",
",,"","",PONfbl,MORPH=empty,,,,,",
"la,le,DETdef,NOMB.=s|GENRE=f,,,,,",
"neceſſité,necessité,NOMcom,NOMB.=s|GENRE=f,,,,,",
"publique,public,ADJqua,NOMB.=s|GENRE=f,,,,,",
"ne,ne,ADVneg,MORPH=empty,,,,,",
"vous,vous,PROper,PERS.=2|NOMB.=p,,,,,",
"eût,avoir,VERcjg,MODE=sub|TEMPS=ipf|PERS.=3|NOMB.=s,,,,,",
"pas,pas,ADVneg,MORPH=empty,,,,,",
"eſté,ester,VERppe,NOMB.=s|GENRE=m,,,,,",
"chercher,chercher,VERinf,MORPH=empty,,,,,",
"dans,dans,PRE,MORPH=empty,,,,,",
"le,le,DETdef,NOMB.=s|GENRE=m,,,,,",
"repos,repos,NOMcom,NOMB.=s|GENRE=m,,,,,",
"de,de,PRE,MORPH=empty,,,,,",
"voſtre,vôtre,ADJqua,NOMB.=s|GENRE=f,,,,,",
"maiſon,maison,NOMcom,NOMB.=s|GENRE=f,,,,,",
"pour,pour,PRE,MORPH=empty,,,,,",
"vous,vous,PROper,PERS.=2|NOMB.=p,,,,,",
"mettre,mettre,VERinf,MORPH=empty,,,,,",
"entre,entre,PRE,MORPH=empty,,,,,",
"les,le,DETdef,NOMB.=p|GENRE=m,,,,,",
"mains,main,NOMcom,NOMB.=p|GENRE=f,,,,,",
"les,le,DETdef,NOMB.=p|GENRE=m,,,,,",
"armes,arme,NOMcom,NOMB.=p|GENRE=f,,,,,",
"du,de_le,PRE.DETdef,NOMB.=s|GENRE=m,,,,,",
"Roy,Roy,NOMpro,NOMB.=s|GENRE=m,,,,,",
"ſi,si,CONsub,MORPH=empty,,,,,",
"vous,vous,PROper,PERS.=2|NOMB.=p,,,,,",
"n’,ne,ADVneg,MORPH=empty,,,,,",
"eſtiez,ester,VERcjg,PERS.=2|NOMB.=p,,,,,",
"celuy,celuy,VERppe,NOMB.=s,,,,,",
"-là,là,ADVgen,MORPH=empty,,,,,",
"dont,dont,PROrel,MORPH=empty,,,,,",
"tout,tout,DETind,NOMB.=s|GENRE=m,,,,,",
"le,le,DETdef,NOMB.=s|GENRE=m,,,,,",
"monde,monde,NOMcom,NOMB.=s|GENRE=m,,,,,",
"attẽd,attedre,VERcjg,NOMB.=s,,,,,",
"le,le,DETdef,NOMB.=s|GENRE=m,,,,,",
"reſtabliſſement,restablissement,NOMcom,NOMB.=s|GENRE=m,,,,,",
"de,de,PRE,MORPH=empty,,,,,",
"ſes,son,DETpos,PERS.=3|NOMB.=p|GENRE=f,,,,,",
"affaires,affaire,NOMcom,NOMB.=p|GENRE=f,,,,,",
".,.,PONfrt,MORPH=empty,,,,,",
"Ie,Ie,PROper,NOMB.=s|GENRE=m,,,,,",
"ne,ne,ADVneg,MORPH=empty,,,,,",
"me,je,PROper,PERS.=1|NOMB.=s|CAS=r,,,,,",
"fie,fier,VERcjg,MODE=sub|TEMPS=pst|PERS.=3|NOMB.=s,,,,,",
"pas,pas,ADVneg,MORPH=empty,,,,,",
"tant,tant,ADVgen,MORPH=empty,,,,,",
"en,en,PRE,MORPH=empty,,,,,",
"mon,mon,DETpos,PERS.=1|NOMB.=s|GENRE=m,,,,,",
"opiniõ,opini,NOMcom,NOMB.=s|GENRE=m,,,,,",
",,"","",PONfbl,MORPH=empty,,,,,",
"que,que,CONsub,MORPH=empty,,,,,",
"ie,je,PROper,NOMB.=s|GENRE=f,,,,,",
"veuille,vouloir,VERcjg,MODE=sub|TEMPS=pst|PERS.=3|NOMB.=s,,,,,",
"reſpondre,respondre,VERinf,MORPH=empty,,,,,",
"de,de,PRE,MORPH=empty,,,,,",
"l’,il,PROper,PERS.=3|NOMB.=s,,,,,",
"auenir,auenir,VERinf,NOMB.=s,,,,,",
":,:,PONfbl,MORPH=empty,,,,,",
"Toutesfois,toutesfois,NOMcom,NOMB.=s|GENRE=m,,,,,",
"quand,quand,CONsub,MORPH=empty,,,,,",
"ie,je,PROper,MORPH=empty,,,,,",
"conſidere,considérer,VERinf,NOMB.=s,,,,,",
"les,le,DETdef,NOMB.=p|GENRE=m,,,,,",
"actiõs,actit,NOMcom,NOMB.=p|GENRE=m,,,,,",
"de,de,PRE,MORPH=empty,,,,,",
"voſtre,vôtre,DETind,NOMB.=s|GENRE=f,,,,,",
"vie,vie,NOMcom,NOMB.=s|GENRE=f,,,,,",
"qui,qui,PROrel,MORPH=empty,,,,,",
"ſont,être,VERcjg,MODE=ind|TEMPS=pst|PERS.=3|NOMB.=p,,,,,",
"telles,tel,ADJind,NOMB.=p|GENRE=f,,,,,",
",,"","",PONfbl,MORPH=empty,,,,,",
"que,que,CONsub,MORPH=empty,,,,,",
"nous,nous,PROper,PERS.=1|NOMB.=p,,,,,",
"auons,avoir,VERcjg,NOMB.=p,,,,,",
"de,de,PRE,MORPH=empty,,,,,",
"la,le,DETdef,NOMB.=s|GENRE=f,,,,,",
"peine,peine,NOMcom,NOMB.=s|GENRE=f,,,,,",
"à,à,PRE,MORPH=empty,,,,,",
"les,il,PROper,PERS.=3|NOMB.=p|GENRE=m|CAS=r,,,,,",
"croire,croire,VERinf,MORPH=empty,,,,,",
"apres,apre,VERppe,NOMB.=p,,,,,",
"les,le,DETdef,NOMB.=p|GENRE=m,,,,,",
"auoir,auoir,VERinf,NOMB.=s,,,,,",
"veuës,veuoir,VERppe,NOMB.=s,,,,,",
",,"","",PONfbl,MORPH=empty,,,,,",
"&,s,PROcar,MORPH=empty,,,,,",
"en,en,PRE,MORPH=empty,,,,,",
"tel,tel,DETind,NOMB.=s|GENRE=m,,,,,",
"nombre,nombre,NOMcom,NOMB.=s|GENRE=m,,,,,",
",,"","",PONfbl,MORPH=empty,,,,,",
"qu’,que,PROrel,MORPH=empty,,,,,",
"il,il,PROper,PERS.=3|NOMB.=s|GENRE=m|CAS=n,,,,,",
"ſemble,sembler,VERcjg,MODE=ind|TEMPS=pst|PERS.=3|NOMB.=s,,,,,",
"aux,à_le,PRE.DETdef,NOMB.=p|GENRE=m,,,,,",
"eſtrangers,estranger,NOMcom,NOMB.=p|GENRE=m,,,,,",
"que,que,PROrel,MORPH=empty,,,,,",
"vous,vous,PROper,PERS.=2|NOMB.=p,,,,,",
"viuiez,viurer,VERcjg,MODE=ind|TEMPS=pst|PERS.=2|NOMB.=p,,,,,",
"dés,dé,VERppe,NOMB.=s|GENRE=m,,,,,",
"le,le,DETdef,NOMB.=s|GENRE=m,,,,,",
"commencement,commencement,NOMcom,NOMB.=s|GENRE=m,,,,,",
"de,de,PRE,MORPH=empty,,,,,",
"noſtre,nostre,NOMcom,NOMB.=s|GENRE=f,,,,,",
"Monarchie,Monarchie,NOMpro,NOMB.=s|GENRE=f,,,,,",
",,"","",PONfbl,MORPH=empty,,,,,",
"ie,je,PROper,NOMB.=s|GENRE=f,,,,,",
"penſe,penser,VERcjg,MODE=sub|PERS.=3|NOMB.=s,,,,,",
"pouuoir,pouuoir,VERinf,MORPH=empty,,,,,",
"dire,dire,VERinf,MORPH=empty,,,,,",
"auec,auec,ADVgen,GENRE=f,,,,,",
"verité,veriter,VERppe,NOMB.=s|GENRE=m,,,,,",
",,"","",PONfbl,MORPH=empty,,,,,",
"que,que,CONsub,MORPH=empty,,,,,",
"s’,si,CONsub,MORPH=empty,,,,,",
"il,il,PROper,PERS.=3|NOMB.=s|GENRE=m|CAS=n,,,,,",
"y,y,PROadv,MORPH=empty,,,,,",
"a,avoir,VERcjg,MODE=ind|TEMPS=pst|PERS.=3|NOMB.=s,,,,,",
"encore,encore,ADVgen,MORPH=empty,,,,,",
"quelque,quelque,DETrel,NOMB.=s|GENRE=m,,,,,",
"choſe,chose,NOMcom,NOMB.=s|GENRE=f,,,,,",
"de,de,PRE,MORPH=empty,,,,,",
"grand,grand,ADJqua,NOMB.=s|GENRE=m,,,,,",
"à,à,PRE,MORPH=empty,,,,,",
"faire,faire,VERinf,MORPH=empty,,,,,",
"dans,dans,PRE,MORPH=empty,,,,,",
"le,le,DETdef,NOMB.=s|GENRE=m,,,,,",
"monde,monde,NOMcom,NOMB.=s|GENRE=m,,,,,",
",,"","",PONfbl,MORPH=empty,,,,,",
"il,il,PROimp,PERS.=3|NOMB.=s|GENRE=m|CAS=n,,,,,",
"ne,ne,ADVneg,MORPH=empty,,,,,",
"faut,falloir,VERcjg,MODE=ind|TEMPS=pst|PERS.=3|NOMB.=s,,,,,",
"pas,pas,ADVneg,MORPH=empty,,,,,",
"que,que,CONsub,MORPH=empty,,,,,",
"ce,ce,PROdem,NOMB.=s|GENRE=n,,,,,",
"ſoit,être,VERcjg,MODE=sub|TEMPS=pst|PERS.=3|NOMB.=s,,,,,",
"vn,vn,PROadv,MORPH=empty,,,,,",
"autre,autre,PROind,NOMB.=s,,,,,",
"que,que,CONsub,MORPH=empty,,,,,",
"vous,vous,PROper,PERS.=2|NOMB.=p,,,,,",
"qui,qui,PROrel,MORPH=empty,,,,,",
"l’,il,PROper,PERS.=3|NOMB.=s|CAS=r,,,,,",
"entreprene,entreprendre,VERcjg,NOMB.=s,,,,,",
".,.,PONfrt,MORPH=empty,,,,,",
"Vous,vous,PROper,PERS.=2|NOMB.=p,,,,,",
"auez,auez,VERcjg,MODE=ind|PERS.=2|NOMB.=p,,,,,",
"poſſedé,posseder,VERppe,NOMB.=s|GENRE=m,,,,,",
"les,le,DETdef,NOMB.=p|GENRE=m,,,,,",
"bonnes,bon,ADJqua,NOMB.=p|GENRE=f,,,,,",
"graces,grâce,NOMcom,NOMB.=p|GENRE=f,,,,,",
"des,de_le,PRE.DETdef,NOMB.=p,,,,,",
"Roys,Roys,NOMcom,NOMB.=p|GENRE=f,,,,,",
"comme,comme,CONsub,MORPH=empty,,,,,",
"des,un,DETndf,NOMB.=p,,,,,",
"biens,bien,NOMcom,NOMB.=p|GENRE=m,,,,,",
"qui,qui,PROrel,MORPH=empty,,,,,",
"ſe,se,PROper,PERS.=3|NOMB.=s|CAS=r,,,,,",
"peuuent,peuuer,VERcjg,MODE=ind|PERS.=3|NOMB.=p,,,,,",
"perdre,perdre,VERinf,MORPH=empty,,,,,",
",,"","",PONfbl,MORPH=empty,,,,,",
"&,je,PONfbl,MORPH=empty,,,,,",
"n’,ne,ADVneg,MORPH=empty,,,,,",
"auez,avoir,VERcjg,MODE=ind|PERS.=2|NOMB.=p,,,,,",
"pas,pas,ADVneg,MORPH=empty,,,,,",
"craint,craindre,VERcjg,MODE=ind|TEMPS=pst|PERS.=3|NOMB.=s,,,,,",
"que,que,CONsub,MORPH=empty,,,,,",
"leur,leur,DETpos,PERS.=3|NOMB.=s|GENRE=f,,,,,",
"paſſiõ,passi,NOMcom,NOMB.=s|GENRE=m,,,,,",
"deuſt,deust,VERcjg,NOMB.=p,,,,,",
"plus,plus,ADVgen,MORPH=empty,,,,,",
"durer,durer,VERinf,MORPH=empty,,,,,",
"que,que,CONsub,MORPH=empty,,,,,",
"voſtre,vôtre,ADJqua,NOMB.=s|GENRE=f,,,,,",
"innocence,innocence,NOMcom,NOMB.=s|GENRE=f,,,,,",
";,;,PONfbl,MORPH=empty,,,,,",
"cette,ce,DETdem,NOMB.=s|GENRE=f,,,,,",
"grãde,grdde,NOMcom,NOMB.=s|GENRE=f,,,,,",
"authorité,authorité,VERppe,NOMB.=s|GENRE=m,,,,,",
"que,que,CONsub,MORPH=empty,,,,,",
"vous,vous,PROper,PERS.=2|NOMB.=p,,,,,",
"auiez,auiez,VERcjg,MODE=ind|PERS.=2|NOMB.=p,,,,,",
"acquiſe,acquérir,ADVsub,MORPH=empty,,,,,",
"par,par,PRE,MORPH=empty,,,,,",
"voſtre,vôtre,VERinf,NOMB.=s,,,,,",
"faueur,faueur,VERinf,NOMB.=s,,,,,",
",,"","",PONfbl,MORPH=empty,,,,,",
"vous,vous,PROper,PERS.=2|NOMB.=p,,,,,",
"l’,il,PROper,PERS.=3|NOMB.=s|CAS=r,,,,,",
"auez,auez,VERcjg,MODE=ind|TEMPS=pst|PERS.=2|NOMB.=p,,,,,",
"depuis,depuis,PRE,MORPH=empty,,,,,",
"touſiours,tousiours,NOMcom,NOMB.=p,,,,,",
"maintenuë,maintenir,ADJqua,NOMB.=s,,,,,",
"par,par,PRE,MORPH=empty,,,,,",
"voſtre,vôtre,ADJqua,NOMB.=s,,,,,",
"courage,courage,NOMcom,NOMB.=s|GENRE=m,,,,,",
".,.,PONfrt,MORPH=empty,,,,,",
"Dans,dans,PRE,MORPH=empty,,,,,",
"les,le,DETdef,NOMB.=p|GENRE=m,,,,,",
"mal,mal,NOMcom,GENRE=m,,,,,",
"-,-,PONfbl,MORPH=empty,,,,,",
"heurs,heurs,NOMcom,NOMB.=s,,,,,",
"du,de_le,PRE.DETdef,NOMB.=s|GENRE=m,,,,,",
"temps,temps,NOMcom,NOMB.=s|GENRE=m,,,,,",
"&,je,PONfbl,MORPH=empty,,,,,",
"l’,le,DETdef,NOMB.=s,,,,,",
"vſurpation,vsurpation,NOMcom,NOMB.=s,,,,,",
"de,de,PRE,MORPH=empty,,,,,",
"la,le,DETdef,NOMB.=s|GENRE=f,,,,,",
"puiſſance,puissance,NOMcom,NOMB.=s|GENRE=f,,,,,",
"legitime,legitime,VERcjg,NOMB.=s|GENRE=f,,,,,",
"vous,vous,PROper,PERS.=2|NOMB.=p,,,,,",
"auez,auez,VERcjg,MODE=ind|PERS.=2|NOMB.=p,,,,,",
"conſerué,conseruer,VERppe,NOMB.=s|GENRE=m,,,,,",
"tout,tout,DETind,NOMB.=s|GENRE=m,,,,,",
"ſeul,seul,ADJqua,NOMB.=s|GENRE=m,,,,,",
"la,le,DETdef,NOMB.=s|GENRE=f,,,,,",
"liberté,liberté,NOMcom,NOMB.=s|GENRE=f,,,,,",
"de,de,PRE,MORPH=empty,,,,,",
"la,le,DETdef,NOMB.=s|GENRE=f,,,,,",
"France,France,NOMpro,NOMB.=s|GENRE=f,,,,,",
".,.,PONfrt,MORPH=empty,,,,,",
"Qui,qui,PROrel,MORPH=empty,,,,,",
"eſt,être,VERcjg,MODE=ind|TEMPS=pst|PERS.=3|NOMB.=s,,,,,",
"-ce,ce,PROdem,NOMB.=s|GENRE=n,,,,,",
"qui,qui,PROrel,MORPH=empty,,,,,",
"peut,pouvoir,VERcjg,MODE=ind|TEMPS=pst|PERS.=3|NOMB.=s,,,,,",
"dire,dire,VERinf,MORPH=empty,,,,,",
"cela,cela,PROdem,NOMB.=s|GENRE=n,,,,,",
"de,de,PRE,MORPH=empty,,,,,",
"ſoy,soi,NOMcom,NOMB.=s|GENRE=f,,,,,",
"?,?,PONfrt,MORPH=empty,,,,,",
"Où,où,PROrel,MORPH=empty,,,,,",
"ſont,être,VERcjg,MODE=ind|TEMPS=pst|PERS.=3|NOMB.=p,,,,,",
"ceux,celui,PROdem,NOMB.=p|GENRE=m,,,,,",
"qui,qui,PROrel,MORPH=empty,,,,,",
"ſe,se,PROper,PERS.=3|NOMB.=s|CAS=r,,,,,",
"ſont,être,VERcjg,MODE=ind|TEMPS=pst|PERS.=3|NOMB.=p,,,,,",
"tenus,tenir,VERppe,NOMB.=p|GENRE=m,,,,,",
"fermes,ferme,ADJqua,NOMB.=p|GENRE=m,,,,,",
"entre,entre,PRE,MORPH=empty,,,,,",
"la,le,DETdef,NOMB.=s|GENRE=f,,,,,",
"rebelliõ,rebellir,NOMcom,NOMB.=s|GENRE=f,,,,,",
"&,s,PONfbl,MORPH=empty,,,,,",
"la,le,DETdef,NOMB.=s|GENRE=f,,,,,",
"ſeruitude,seruitude,NOMcom,NOMB.=s|GENRE=f,,,,,",
"?,?,PONfrt,MORPH=empty,,,,,",
"En,en,PRE,MORPH=empty,,,,,",
"quel,quel,DETrel,NOMB.=s|GENRE=m,,,,,",
"tẽps,teps,NOMcom,NOMB.=s|GENRE=m,,,,,",
"a,avoir,VERcjg,MODE=ind|TEMPS=pst|PERS.=3|NOMB.=s,,,,,",
"t’,tu,PROper,PERS.=2|NOMB.=s|CAS=r,,,,,",
"õ,avoir,PROadv,MORPH=empty,,,,,",
"veu,veu,VERppe,NOMB.=s,,,,,",
"vne,vn,ADJqua,GENRE=f,,,,,",
"vieilleſſe,vieillesse,NOMcom,NOMB.=s|GENRE=f,,,,,",
"ſi,si,ADVgen,MORPH=empty,,,,,",
"neceſſaire,necessaire,VERinf,NOMB.=s,,,,,",
"au,à_le,PRE.DETdef,NOMB.=s|GENRE=m,,,,,",
"monde,monde,NOMcom,NOMB.=s|GENRE=m,,,,,",
",,"","",PONfbl,MORPH=empty,,,,,",
"&,s,PRE.DETdef,MORPH=empty,,,,,",
"tant,tant,ADVgen,MORPH=empty,,,,,",
"de,de,PRE,MORPH=empty,,,,,",
"bonne,bon,ADJqua,NOMB.=s|GENRE=f,,,,,",
"&,s,PROcar,MORPH=empty,,,,,",
"de,de,PRE,MORPH=empty,,,,,",
"mauuaiſe,mauuaise,ADJqua,NOMB.=s|GENRE=f,,,,,",
"fortune,fortune,NOMcom,NOMB.=s|GENRE=f,,,,,",
"également,également,ADVgen,MORPH=empty,,,,,",
"glorieuſe,glorieux,ADJqua,NOMB.=s|GENRE=f,,,,,",
"?,?,PONfrt,MORPH=empty,,,,,",
"Monſeigneur,Monseigneur,NOMcom,NOMB.=s|GENRE=m,,,,,",
",,"","",PONfbl,MORPH=empty,,,,,",
"vous,vous,PROper,PERS.=2|NOMB.=p,,,,,",
"auez,avoir,VERcjg,MODE=ind|TEMPS=pst|PERS.=2|NOMB.=p,,,,,",
"trop,trop,ADVgen,MORPH=empty,,,,,",
"de,de,PRE,MORPH=empty,,,,,",
"cognoiſſance,cognoissance,NOMcom,GENRE=f,,,,,",
"de,de,PRE,MORPH=empty,,,,,",
"vous,vous,PROper,PERS.=2|NOMB.=p,,,,,",
"meſme,même,ADJind,NOMB.=p,,,,,",
"pour,pour,PRE,MORPH=empty,,,,,",
"penſer,penser,VERinf,MORPH=empty,,,,,",
"que,que,CONsub,MORPH=empty,,,,,",
"ie,je,PROcar,NOMB.=s|GENRE=f,,,,,",
"vous,vous,PROper,PERS.=2|NOMB.=p,,,,,",
"flatte,flatter,VERcjg,MODE=sub|TEMPS=pst|PERS.=3|NOMB.=s,,,,,",
",,"","",PONfbl,MORPH=empty,,,,,",
"&,je,PRE,MORPH=empty,,,,,",
"mon,mon,DETpos,PERS.=1|NOMB.=s|GENRE=m,,,,,",
"humeur,humeur,NOMcom,NOMB.=s|GENRE=f,,,,,",
"eſt,être,VERcjg,MODE=ind|TEMPS=pst|PERS.=3|NOMB.=s,,,,,",
"ſi,si,ADVgen,MORPH=empty,,,,,",
"eſloignee,esloigner,ADJqua,NOMB.=s|GENRE=f,,,,,",
"de,de,PRE,MORPH=empty,,,,,",
"toute,tout,DETind,NOMB.=s|GENRE=f,,,,,",
"action,action,NOMcom,NOMB.=s|GENRE=f,,,,,",
"ſeruile,seruile,ADJqua,NOMB.=s|GENRE=f,,,,,",
",,"","",PONfbl,MORPH=empty,,,,,",
"que,que,CONsub,MORPH=empty,,,,,",
"la,le,DETdef,NOMB.=s|GENRE=f,,,,,",
"Court,court,NOMcom,NOMB.=s|GENRE=f,,,,,",
"à,à,PRE,MORPH=empty,,,,,",
"me,je,PROper,PERS.=1|NOMB.=s|CAS=r,,,,,",
"donner,donner,VERinf,MORPH=empty,,,,,",
"pour,pour,PRE,MORPH=empty,,,,,",
"me,je,PROper,PERS.=1|NOMB.=s|CAS=r,,,,,",
"faire,faire,VERinf,MORPH=empty,,,,,",
"rien,rien,PROind,NOMB.=s|GENRE=m,,,,,",
"dire,dire,VERinf,MORPH=empty,,,,,",
"contre,contre,PRE,MORPH=empty,,,,,",
"ma,mon,DETpos,PERS.=1|NOMB.=s|GENRE=f,,,,,",
"cõſcience,crscience,NOMcom,NOMB.=s|GENRE=f,,,,,",
".,.,PONfrt,MORPH=empty,,,,,",
"Ie,Ie,PROper,PERS.=3|NOMB.=s|GENRE=f,,,,,",
"parle,parler,VERcjg,MODE=ind|TEMPS=pst|PERS.=3|NOMB.=s,,,,,",
"donc,donc,ADVgen,MORPH=empty,,,,,",
"de,de,PRE,MORPH=empty,,,,,",
"la,le,DETdef,NOMB.=s|GENRE=f,,,,,",
"ſorte,sorte,NOMcom,NOMB.=s|GENRE=f,,,,,",
"pour,pour,PRE,MORPH=empty,,,,,",
"le,le,DETdef,NOMB.=s|GENRE=m,,,,,",
"ſeul,seul,ADJqua,NOMB.=s|GENRE=m,,,,,",
"intereſt,interest,NOMcom,NOMB.=s|GENRE=m,,,,,",
"de,de,PRE,MORPH=empty,,,,,",
"la,le,DETdef,NOMB.=s|GENRE=f,,,,,",
"vertu,vertu,NOMcom,NOMB.=s|GENRE=f,,,,,",
",,"","",PONfbl,MORPH=empty,,,,,",
"&,s,PONfbl,MORPH=empty,,,,,",
"ſi,si,CONsub,MORPH=empty,,,,,",
"elle,il,PROper,PERS.=3|NOMB.=s|GENRE=f|CAS=n,,,,,",
"n’,ne,ADVneg,MORPH=empty,,,,,",
"eſtoit,estoir,VERcjg,PERS.=3|NOMB.=s,,,,,",
"de,de,PRE,MORPH=empty,,,,,",
"noſtre,nostre,NOMcom,NOMB.=s,,,,,",
"coſté,coster,VERppe,NOMB.=s|GENRE=m,,,,,",
",,"","",PONfbl,MORPH=empty,,,,,",
"ie,je,CONsub,NOMB.=s|GENRE=f,,,,,",
"l’,il,DETdef,NOMB.=s,,,,,",
"irois,aller,NOMcom,NOMB.=s,,,,,",
"pluſtoſt,pluster,ADVgen,NOMB.=p,,,,,",
"chercher,chercher,VERinf,MORPH=empty,,,,,",
"parmy,parmy,VERppe,NOMB.=s,,,,,",
"les,le,DETdef,NOMB.=p|GENRE=m,,,,,",
"ennemis,ennemi,NOMcom,NOMB.=p|GENRE=m,,,,,",
",,"","",PONfbl,MORPH=empty,,,,,",
"afin,afin,ADVgen,MORPH=empty,,,,,",
"de,de,PRE,MORPH=empty,,,,,",
"luy,luy,PROper,NOMB.=s,,,,,",
"rendre,rendre,VERinf,MORPH=empty,,,,,",
"ce,ce,PROdem,NOMB.=s|GENRE=n,,,,,",
"qu’,que,PROrel,MORPH=empty,,,,,",
"elle,il,PROper,PERS.=3|NOMB.=s|GENRE=f|CAS=n,,,,,",
"merite,meriter,VERcjg,MODE=sub|TEMPS=pst|PERS.=3|NOMB.=s,,,,,",
".,.,PONfrt,MORPH=empty,,,,,",
"Perſonne,personne,NOMcom,NOMB.=s|GENRE=f,,,,,",
"ne,ne,ADVneg,MORPH=empty,,,,,",
"Lettres,lettre,NOMcom,NOMB.=p|GENRE=f,,,,,",
"dv,dv,VERppe,MORPH=empty,,,,,",
"sievr,sievr,VERinf,NOMB.=s,,,,,",
"croira,croire,VERcjg,MODE=ind|TEMPS=fut|PERS.=3|NOMB.=s,,,,,",
"que,que,CONsub,MORPH=empty,,,,,",
"i’,je,ADVgen,NOMB.=s|GENRE=f,,,,,",
"aye,avoir,ADJqua,NOMB.=s|GENRE=f,,,,,",
"de,de,PRE,MORPH=empty,,,,,",
"pretention,pretention,NOMcom,NOMB.=s,,,,,",
"dans,dans,PRE,MORPH=empty,,,,,",
"les,le,DETdef,NOMB.=p|GENRE=m,,,,,",
"armees,arme,NOMcom,NOMB.=p|GENRE=m,,,,,",
"du,de_le,PRE.DETdef,NOMB.=s|GENRE=m,,,,,",
"Roy,Roy,NOMcom,NOMB.=s|GENRE=m,,,,,",
"d’,de,PRE,MORPH=empty,,,,,",
"Eſpaigne,Espaigne,NOMpro,NOMB.=s|GENRE=f,,,,,",
",,"","",PONfbl,MORPH=empty,,,,,",
"ny,ny,PROadv,MORPH=empty,,,,,",
"que,que,CONsub,MORPH=empty,,,,,",
"ie,je,PROper,NOMB.=s|GENRE=f,,,,,",
"veüille,veüille,VERcjg,NOMB.=s|GENRE=f,,,,,",
"faire,faire,VERinf,MORPH=empty,,,,,",
"fortune,fortune,NOMcom,NOMB.=s|GENRE=f,,,,,",
"en,en,PRE,MORPH=empty,,,,,",
"Hollande,Hollande,NOMpro,NOMB.=s|GENRE=f,,,,,",
":,:,PONfbl,MORPH=empty,,,,,",
"&,être,DETndf,MORPH=empty,,,,,",
"neantmoins,neantmoin,NOMcom,NOMB.=s,,,,,",
"ie,je,VERcjg,NOMB.=s,,,,,",
"louë,louer,PROper,NOMB.=s|GENRE=m,,,,,",
"le,le,DETdef,NOMB.=s|GENRE=m,,,,,",
"Prince,prince,NOMcom,NOMB.=s|GENRE=m,,,,,",
"d’,de,PRE,MORPH=empty,,,,,",
"Aurãge,Aurgge,NOMpro,NOMB.=s|GENRE=f,,,,,",
",,"","",PONfbl,MORPH=empty,,,,,",
"&,être,PRE,MORPH=empty,,,,,",
"le,le,DETdef,NOMB.=s|GENRE=m,,,,,",
"Marquis,marquis,NOMcom,NOMB.=s|GENRE=m,,,,,",
"de,de,PRE,MORPH=empty,,,,,",
"Spinola,Spinola,NOMpro,NOMB.=s|GENRE=f,,,,,",
",,"","",PONfbl,MORPH=empty,,,,,",
"comme,comme,CONsub,MORPH=empty,,,,,",
"ſi,si,CONsub,MORPH=empty,,,,,",
"i’,je,ADVgen,NOMB.=s|GENRE=f,,,,,",
"eſtois,estois,VERppe,NOMB.=p|GENRE=m,,,,,",
"des,de_le,PRE.DETdef,NOMB.=p,,,,,",
"deux,deux,ADJcar,NOMB.=p,,,,,",
"partys,party,NOMcom,NOMB.=p|GENRE=f,,,,,",
"contraires,contraire,ADJqua,NOMB.=p|GENRE=f,,,,,",
"en,en,PRE,MORPH=empty,,,,,",
"meſme,même,DETind,NOMB.=s|GENRE=m,,,,,",
"temps,temps,NOMcom,NOMB.=s|GENRE=m,,,,,",
":,:,PONfbl,MORPH=empty,,,,,",
"En,en,PRE,MORPH=empty,,,,,",
"effet,effet,NOMcom,NOMB.=s|GENRE=m,,,,,",
",,"","",PONfbl,MORPH=empty,,,,,",
"Monſeigneur,Monseigneur,NOMcom,NOMB.=s|GENRE=m,,,,,",
",,"","",PONfbl,MORPH=empty,,,,,",
"ie,je,PROper,NOMB.=s|GENRE=f,,,,,",
"penſe,penser,VERcjg,MODE=sub|PERS.=3|NOMB.=s,,,,,",
"auoir,auoir,VERinf,MORPH=empty,,,,,",
"de,de,PRE,MORPH=empty,,,,,",
"l’,le,DETdef,NOMB.=s,,,,,",
"obligation,obligation,NOMcom,NOMB.=s,,,,,",
"à,à,PRE,MORPH=empty,,,,,",
"ceux,celui,PROdem,NOMB.=p|GENRE=m,,,,,",
"qui,qui,PROrel,MORPH=empty,,,,,",
"me,je,PROper,PERS.=1|NOMB.=s|CAS=r,,,,,",
"donnent,donner,VERcjg,MODE=ind|TEMPS=pst|PERS.=3|NOMB.=p,,,,,",
"le,le,DETdef,NOMB.=s|GENRE=m,,,,,",
"moyen,moyen,NOMcom,NOMB.=s|GENRE=m,,,,,",
"de,de,PRE,MORPH=empty,,,,,",
"mettre,mettre,VERinf,MORPH=empty,,,,,",
"enſemble,ensemble,ADVgen,MORPH=empty,,,,,",
"les,le,DETdef,NOMB.=p|GENRE=m,,,,,",
"deux,deux,ADJcar,NOMB.=p,,,,,",
"plus,plus,ADVgen,MORPH=empty,,,,,",
"rares,rare,ADJqua,NOMB.=p|GENRE=f,,,,,",
"choſes,chose,NOMcom,NOMB.=p|GENRE=f,,,,,",
"du,de_le,PRE.DETdef,NOMB.=s|GENRE=m,,,,,",
"monde,monde,NOMcom,NOMB.=s|GENRE=m,,,,,",
",,"","",PONfbl,MORPH=empty,,,,,",
"c’,ce,PROdem,NOMB.=s|GENRE=n,,,,,",
"eſt,être,VERcjg,MODE=ind|TEMPS=pst|PERS.=3|NOMB.=s,,,,,",
"à,à,PRE,MORPH=empty,,,,,",
"ſçauoir,sçauoir,VERinf,NOMB.=s,,,,,",
"la,le,DETdef,NOMB.=s|GENRE=f,,,,,",
"verité,verité,VERppe,NOMB.=s|GENRE=f,,,,,",
"&,s,PONfbl,MORPH=empty,,,,,",
"l’,le,DETdef,NOMB.=s,,,,,",
"eloquence,eloquence,NOMcom,NOMB.=s|GENRE=f,,,,,",
",,"","",PONfbl,MORPH=empty,,,,,",
"Vous,vous,PROper,PERS.=2|NOMB.=p,,,,,",
"m’,je,PROper,PERS.=1|NOMB.=s|CAS=r,,,,,",
"auez,auez,VERcjg,MODE=ind|PERS.=2|NOMB.=p,,,,,",
"touſiours,tousiours,ADVgen,NOMB.=s,,,,,",
"fait,faire,VERppe,NOMB.=s|GENRE=m,,,,,",
"l’,le,DETdef,NOMB.=s,,,,,",
"honneur,honneur,NOMcom,NOMB.=s|GENRE=m,,,,,",
"de,de,PRE,MORPH=empty,,,,,",
"me,je,PROper,PERS.=1|NOMB.=s|CAS=r,,,,,",
"vouloir,vouloir,VERinf,MORPH=empty,,,,,",
"du,de_le,PRE.DETdef,NOMB.=s|GENRE=m,,,,,",
"bien,bien,NOMcom,NOMB.=s|GENRE=m,,,,,",
",,"","",PONfbl,MORPH=empty,,,,,",
"&,je,PONfbl,MORPH=empty,,,,,",
"i’,je,PROper,NOMB.=s|GENRE=f,,,,,",
"ay,ay,NOMpro,NOMB.=p,,,,,",
"reçeu,recevoir,VERppe,NOMB.=s|GENRE=f,,,,,",
"vne,vn,VERppe,GENRE=f,,,,,",
"infinité,infinité,VERppe,NOMB.=s|GENRE=f,,,,,",
"de,de,PRE,MORPH=empty,,,,,",
"faueurs,faueur,NOMcom,NOMB.=s,,,,,",
"de,de,PRE,MORPH=empty,,,,,",
"Monſeigneur,Monseigneur,NOMcom,NOMB.=s|GENRE=m,,,,,",
"le,le,DETdef,NOMB.=s|GENRE=m,,,,,",
"Cardinal,Cardinal,NOMcom,NOMB.=s|GENRE=m,,,,,",
"voſtre,vôtre,ADJqua,NOMB.=s,,,,,",
"Fils,fils,NOMpro,NOMB.=s|GENRE=m,,,,,",
";,;,PONfbl,MORPH=empty,,,,,",
"mais,mais,CONcoo,MORPH=empty,,,,,",
"quoy,quoy,CONsub,MORPH=empty,,,,,",
"qu’,que,PROrel,MORPH=empty,,,,,",
"il,il,PROimp,PERS.=3|NOMB.=s|GENRE=m|CAS=n,,,,,",
"en,en,PROadv,MORPH=empty,,,,,",
"ſoit,être,VERcjg,MODE=sub|TEMPS=pst|PERS.=3|NOMB.=s,,,,,",
",,"","",PONfbl,MORPH=empty,,,,,",
"ie,je,VERcjg,NOMB.=s|GENRE=f,,,,,",
"vous,vous,PROper,PERS.=2|NOMB.=p,,,,,",
"ſupplie,supplier,VERcjg,NOMB.=s,,,,,",
"de,de,PRE,MORPH=empty,,,,,",
"croire,croire,VERinf,MORPH=empty,,,,,",
"que,que,CONsub,MORPH=empty,,,,,",
"mon,mon,DETpos,PERS.=1|NOMB.=s|GENRE=f,,,,,",
"affection,affection,NOMcom,NOMB.=s|GENRE=f,,,,,",
"eſt,être,VERcjg,MODE=ind|TEMPS=pst|PERS.=3|NOMB.=s,,,,,",
"toute,tout,ADVgen,NOMB.=s,,,,,",
"pure,pur,ADJqua,NOMB.=s|GENRE=f,,,,,",
",,"","",PONfbl,MORPH=empty,,,,,",
"&,s,PROdem,MORPH=empty,,,,,",
"que,que,CONsub,MORPH=empty,,,,,",
"mes,mon,DETpos,PERS.=1|NOMB.=p|GENRE=m,,,,,",
"intereſts,interest,NOMcom,NOMB.=p|GENRE=m,,,,,",
"ne,ne,ADVneg,MORPH=empty,,,,,",
"ſe,se,PROper,PERS.=3|NOMB.=s|CAS=r,,,,,",
"meſlent,mesler,VERcjg,MODE=ind|PERS.=3|NOMB.=s,,,,,",
"point,point,ADVneg,MORPH=empty,,,,,",
"auec,auec,VERppe,GENRE=f,,,,,",
"elle,il,PROper,PERS.=3|NOMB.=s|GENRE=f|CAS=n,,,,,",
":,:,PONfbl,MORPH=empty,,,,,",
"i’,je,PROper,NOMB.=s|GENRE=f,,,,,",
"ay,ay,PRE,NOMB.=s,,,,,",
"le,le,DETdef,NOMB.=s|GENRE=m,,,,,",
"contentement,contentement,NOMcom,NOMB.=s|GENRE=m,,,,,",
"de,de,PRE,MORPH=empty,,,,,",
"vous,vous,PROper,PERS.=2|NOMB.=p,,,,,",
"auoir,auoir,VERinf,MORPH=empty,,,,,",
"ſeruy,seruy,ADVgen,NOMB.=s,,,,,",
"en,en,PRE,MORPH=empty,,,,,",
"vne,vn,PROind,NOMB.=s|GENRE=f,,,,,",
"mauuaiſe,mauuaise,ADJqua,NOMB.=s|GENRE=f,,,,,",
"ſaiſon,saison,NOMcom,NOMB.=s|GENRE=f,,,,,",
",,"","",PONfbl,MORPH=empty,,,,,",
"&,s,CONsub,MORPH=empty,,,,,",
"d’,de,PRE,MORPH=empty,,,,,",
"auoir,auoir,VERinf,NOMB.=s,,,,,",
"eſté,ester,VERppe,NOMB.=s|GENRE=m,,,,,",
"du,de_le,PRE.DETdef,NOMB.=s|GENRE=m,,,,,",
"plus,plus,ADVgen,MORPH=empty,,,,,",
"foible,faible,ADJqua,NOMB.=s|GENRE=m,,,,,",
"party,party,NOMcom,NOMB.=s|GENRE=m,,,,,",
",,"","",PONfbl,MORPH=empty,,,,,",
"à,à,PRE,MORPH=empty,,,,,",
"cauſe,cause,NOMcom,NOMB.=s|GENRE=f,,,,,",
"que,que,CONsub,MORPH=empty,,,,,",
"ie,je,ADVgen,NOMB.=s|GENRE=f,,,,,",
"croyois,croire,VERppe,NOMB.=p|GENRE=m,,,,,",
"qu’,que,CONsub,MORPH=empty,,,,,",
"il,il,PROper,PERS.=3|NOMB.=s|GENRE=m|CAS=n,,,,,",
"eſtoit,estoire,VERcjg,MODE=ind|TEMPS=psp|PERS.=3|NOMB.=s,,,,,",
"le,le,DETdef,NOMB.=s|GENRE=m,,,,,",
"plus,plus,ADVgen,MORPH=empty,,,,,",
"honneſte,honneste,ADJqua,NOMB.=s|GENRE=m,,,,,",
":,:,PONfbl,MORPH=empty,,,,,",
"Depuis,depuis,PRE,MORPH=empty,,,,,",
"ce,ce,DETdem,NOMB.=s|GENRE=m,,,,,",
"temps,temps,NOMcom,NOMB.=s|GENRE=m,,,,,",
"la,le,DETdef,NOMB.=s|GENRE=f,,,,,",
"ie,je,PROpos,NOMB.=s|GENRE=f,,,,,",
"n’,ne,ADVneg,MORPH=empty,,,,,",
"ay,avoir,VERcjg,MORPH=empty,,,,,",
"pas,pas,ADVneg,MORPH=empty,,,,,",
"chãgé,chager,VERppe,NOMB.=s|GENRE=m,,,,,",
"d’,de,PRE,MORPH=empty,,,,,",
"aduis,aduis,NOMcom,NOMB.=s|GENRE=m,,,,,",
",,"","",PONfbl,MORPH=empty,,,,,",
"&,je,PRE,MORPH=empty,,,,,",
"les,le,DETdef,NOMB.=p|GENRE=m,,,,,",
"raiſons,raison,NOMcom,NOMB.=p|GENRE=f,,,,,",
"qui,qui,PROrel,MORPH=empty,,,,,",
"m’,je,PROper,PERS.=1|NOMB.=s|CAS=r,,,,,",
"ont,avoir,VERcjg,MODE=ind|TEMPS=pst|PERS.=3|NOMB.=p,,,,,",
"porté,porter,VERppe,NOMB.=s|GENRE=m,,,,,",
"à,à,PRE,MORPH=empty,,,,,",
"faire,faire,VERinf,MORPH=empty,,,,,",
"ce,ce,PROdem,NOMB.=s|GENRE=n,,,,,",
"que,que,PROrel,MORPH=empty,,,,,",
"i’,je,PROper,NOMB.=s|GENRE=f,,,,,",
"ay,ay,NOMpro,NOMB.=s,,,,,",
"fait,faire,VERcjg,NOMB.=s|GENRE=m,,,,,",
",,"","",PONfbl,MORPH=empty,,,,,",
"eſtãt,estet,VERcjg,NOMB.=p,,,,,",
"encore,encore,ADVgen,MORPH=empty,,,,,",
"les,le,DETdef,NOMB.=p|GENRE=m,,,,,",
"meſmes,mesme,NOMcom,NOMB.=p|GENRE=m,,,,,",
",,"","",PONfbl,MORPH=empty,,,,,",
"Ie,Ie,PROper,NOMB.=s|GENRE=f,,,,,",
"ſuis,être,VERcjg,MODE=ind|TEMPS=pst|PERS.=1|NOMB.=s,,,,,",
"veritablement,veritablement,ADJqua,NOMB.=p,,,,,",
"comme,comme,CONsub,MORPH=empty,,,,,",
"i’,je,PROper,NOMB.=s|GENRE=f,,,,,",
"ay,ay,NOMpro,NOMB.=p,,,,,",
"touſiours,tousiours,ADJqua,NOMB.=p,,,,,",
"eſté,ester,VERppe,NOMB.=s|GENRE=m,,,,,",
".,.,PONfrt,MORPH=empty,,,,,",
"MONSEIGNEVR,monsiegner,NOMpro,NOMB.=s|GENRE=m,,,,,",
",,"","",PONfbl,MORPH=empty,,,,,",
"Voſtre,vôtre,VERinf,NOMB.=s,,,,,",
"tres,tres,ADVgen,NOMB.=s,,,,,",
"-,-,DETdef,GENRE=m,,,,,",
"humble,humble,ADJqua,NOMB.=s|GENRE=f,,,,,",
"&,s,PRE.DETdef,MORPH=empty,,,,,",
"tres,tre,NOMcom,NOMB.=s,,,,,",
"-,-,PONfbl,MORPH=empty,,,,,",
"obeiſſant,obeissant,VERppa,NOMB.=p,,,,,",
"ſeruiteur,seruiteur,VERinf,MORPH=empty,,,,,",
".,.,PONfrt,MORPH=empty,,,,,",
